group	year	exam	paper	url
p1	2021	GFGC Asst Professor	General Knowledge	https://cetonline.karnataka.gov.in/keawebentry456/QP2021/QP_26_08_2026_GFGC_2021_2022_GK_01092026kannada.pdf
p1	2021	GFGC Asst Professor	English	https://cetonline.karnataka.gov.in/keawebentry456/QP2021/QP_26_08_2026_GFGC_2021_2022_ENGLISH_01092026kannada.pdf
p1	2021	GFGC Asst Professor	Education	https://cetonline.karnataka.gov.in/keawebentry456/QP2021/QP_26_08_2026_GFGC_2021_2022_EDUCATION_01092026kannada.pdf
p2	2021	GFGC Asst Professor	Computer Science	https://cetonline.karnataka.gov.in/keawebentry456/QP2021/QP_26_08_2026_GFGC_2021_2022_COMPUTER_SCIENCE_01092026kannada.pdf
p1	2022	Dalayath recruitment	General paper	https://cetonline.karnataka.gov.in/keawebentry456/QP2022/QP_26_08_2026_DALAYATH_15_12_2022_01092026kannada.pdf
p1	2023	PSI	General paper	https://cetonline.karnataka.gov.in/keawebentry456/QP2023/QP_26_08_2026_PSI_2023_01092026kannada.pdf
p1	2023	KSET	General Paper	https://cetonline.karnataka.gov.in/keawebentry456/QP2023/K_SET_2023_05_07_26_GP_13072026kannada.pdf
p1	2023	KSET	English	https://cetonline.karnataka.gov.in/keawebentry456/QP2023/K_SET_2023_05_07_26_ENGLISH_13072026kannada.pdf
p1	2023	KSET	Education	https://cetonline.karnataka.gov.in/keawebentry456/QP2023/K_SET_2023_05_07_26_EDUCATION_13072026kannada.pdf
p2	2023	KSET	Computer Science & Application	https://cetonline.karnataka.gov.in/keawebentry456/QP2023/K_SET_2023_05_07_26_CS&A_13072026kannada.pdf
p2	2023	PGCET	M.Tech Computer Science	https://cetonline.karnataka.gov.in/keawebentry456/QP2023/PG_CET_M.TECH_CS_2023_18062026kannada.pdf
p2	2023	PGCET	MCA	https://cetonline.karnataka.gov.in/keawebentry456/QP2023/MCA_2023_18062026kannada.pdf
p1	2024	KRIES entrance	Entrance paper	https://cetonline.karnataka.gov.in/keawebentry456/QP2024/KRIES_2024_18062026kannada.pdf
p2	2024	PGCET	M.Tech Computer Science	https://cetonline.karnataka.gov.in/keawebentry456/QP2024/PG_CET_M.TECH_CS_2024_18062026kannada.pdf
p2	2024	PGCET	MCA	https://cetonline.karnataka.gov.in/keawebentry456/QP2024/MCA_2024_18062026kannada.pdf
p2	2024	Legislative Council	Data Entry Operator Paper-2	https://cetonline.karnataka.gov.in/keawebentry456/QP2024/data_entry_assistant_KECkannada.pdf
p1	2024	Legislative Council	Data Entry Operator Paper-1	https://cetonline.karnataka.gov.in/keawebentry456/QP2024/data_entry_assistant_paper1kannada.pdf
p2	2024	Legislative Council	Senior & Junior Programmer Paper-1	https://cetonline.karnataka.gov.in/keawebentry456/QP2024/jr_prg_n_sr_prg_paper1kannada.pdf
p2	2024	Legislative Council	Senior & Junior Programmer Paper-2	https://cetonline.karnataka.gov.in/keawebentry456/QP2024/jr_prg_n_sr_prg_paper2kannada.pdf
p1	2024	Legislative Council	Assistant / Junior Assistant Paper-2	https://cetonline.karnataka.gov.in/keawebentry456/QP2024/assistant_Jr_assistant_KECkannada.pdf
p2	2024	Legislative Council	Computer Operator Paper-2	https://cetonline.karnataka.gov.in/keawebentry456/QP2024/computer_operator_paper2kannada.pdf
p2	2024	Legislative Council	Junior Console Operator Paper-2	https://cetonline.karnataka.gov.in/keawebentry456/QP2024/junior_console_operator_paper2kannada.pdf
p1	2024	Legislative Council	Assistant / Jr Assistant / Computer Operator / Console Operator Paper-1	https://cetonline.karnataka.gov.in/keawebentry456/QP2024/astn_jr_astn_comp_jr_console_op_paper1kannada.pdf
p2	2024	GTTC	Technician Gr-III Computer Science	https://cetonline.karnataka.gov.in/keawebentry456/QP2024/GTTC_CS_GDIIIkannada.pdf
p2	2024	GTTC	Lecturer Engineering Computer Science	https://cetonline.karnataka.gov.in/keawebentry456/QP2024/CSkannada.pdf
p1	2024	GTTC	Assistant Gr-II General Knowledge	https://cetonline.karnataka.gov.in/keawebentry456/QP2024/GEN_KNWkannada.pdf
p1	2024	GTTC	Officer Gr-II / Assistant Gr-III Kannada, English & Computer Science	https://cetonline.karnataka.gov.in/keawebentry456/QP2024/KND_ENG_COMkannada.pdf
p1	2024	VAO	Paper-2	https://cetonline.karnataka.gov.in/keawebentry456/QP2024/VAO_PAPER2kannada.pdf
p1	2024	VAO	Paper-1	https://cetonline.karnataka.gov.in/keawebentry456/QP2024/VAO_PAPER1kannada.pdf
p2	2024	KSET	Computer Science & Application	https://cetonline.karnataka.gov.in/keawebentry456/QP2024/COMPUTER_SCIENCE_&_APPLICATIONkannada.pdf
p1	2024	KSET	Education	https://cetonline.karnataka.gov.in/keawebentry456/QP2024/EDUCATIONkannada.pdf
p1	2024	KSET	English	https://cetonline.karnataka.gov.in/keawebentry456/QP2024/ENGLISHkannada.pdf
p1	2024	KSET	General Paper	https://cetonline.karnataka.gov.in/keawebentry456/QP2024/GS_PAPERkannada.pdf
p1	2024	Raichur University Asst Professor	English	https://cetonline.karnataka.gov.in/keawebentry456/QP2024/RU_ENGLISHkannada.pdf
p2	2024	Raichur University Asst Professor	Computer Science & Application	https://cetonline.karnataka.gov.in/keawebentry456/QP2024/RU_COMPUTER_SCIENCE_&_APPLICATIONkannada.pdf
p1	2024	PSI	General paper	https://cetonline.karnataka.gov.in/keawebentry456/QP2024/PSI_PAPER2kannada.pdf
p1	2025	UPSC coaching entrance	General Studies-2	https://cetonline.karnataka.gov.in/keawebentry456/QP2025/QP_26_08_2026_GENERALSTUDIES_UPSC_2025_19_07_01092026kannada.pdf
p1	2025	UPSC coaching entrance	General Studies-1	https://cetonline.karnataka.gov.in/keawebentry456/QP2025/QP_26_08_2026_GENERALSTUDIES_UPSC_2025_15_11_01092026kannada.pdf
p1	2025	KSET	General Studies	https://cetonline.karnataka.gov.in/keawebentry456/QP2025/K_SET_2025_05_07_26_GN_SDU_13072026kannada.pdf
p1	2025	KSET	English	https://cetonline.karnataka.gov.in/keawebentry456/QP2025/K_SET_2025_05_07_26_ENGLISH_13072026kannada.pdf
p1	2025	KSET	Education	https://cetonline.karnataka.gov.in/keawebentry456/QP2025/K_SET_2025_05_07_26_EDUCATION_13072026kannada.pdf
p2	2025	KSET	Computer Science & Applications	https://cetonline.karnataka.gov.in/keawebentry456/QP2025/K_SET_2025_05_07_26_COMP_SCIE_&_APL_13072026kannada.pdf
p2	2025	PGCET	MCA	https://cetonline.karnataka.gov.in/keawebentry456/QP2025/MCA_2025_18062026kannada.pdf
p1	2025	KRIES entrance	Entrance paper	https://cetonline.karnataka.gov.in/keawebentry456/QP2025/KRIES_2025_18062026kannada.pdf
p1	2025	KEA departmental recruitment (HK)	Kannada, English, Computer knowledge	https://cetonline.karnataka.gov.in/keawebentry456/QP2025/HK_KEC_P2_21_12_25_18062026kannada.pdf
p1	2025	KEA departmental recruitment (HK)	General Knowledge	https://cetonline.karnataka.gov.in/keawebentry456/QP2025/HK_GK_P1_21_12_25_18062026kannada.pdf
p1	2026	UPSC coaching entrance	General Knowledge	https://cetonline.karnataka.gov.in/keawebentry456/QP2026/QP_26_08_2026_UPSC_18_07_2026_HK_01092026kannada.pdf
p2	2026	KEA departmental recruitment (RPC)	Computer Science Paper-2 (5 Jul 2026)	https://cetonline.karnataka.gov.in/keawebentry456/QP2026/COMPETITIVE_EXAM__04_05_JULY_26_P2_CS_RPC_05_07_26_13072026kannada.pdf
p1	2026	KEA departmental recruitment (NHK)	General Knowledge-3	https://cetonline.karnataka.gov.in/keawebentry456/QP2026/NHK_P1_GK_10_05_26_18062026kannada.pdf
p1	2026	KEA departmental recruitment (NHK)	Kannada, English, Computer knowledge-3	https://cetonline.karnataka.gov.in/keawebentry456/QP2026/NHK_KEC_P2_GROUP_C_11_01_26_18062026kannada.pdf
p1	2026	KEA departmental recruitment (NHK)	Kannada, English, Computer knowledge-2	https://cetonline.karnataka.gov.in/keawebentry456/QP2026/NHK_KEC_P2_25_01_26_18062026kannada.pdf
p1	2026	KEA departmental recruitment (NHK)	Kannada, English, Computer knowledge-1	https://cetonline.karnataka.gov.in/keawebentry456/QP2026/NHK_GROUP_A&B_KEC_26_04_26_18062026kannada.pdf
p1	2026	KEA departmental recruitment (NHK)	General Knowledge-2	https://cetonline.karnataka.gov.in/keawebentry456/QP2026/NHK_GK_P1_25_01_26_18062026kannada.pdf
p1	2026	KEA departmental recruitment (NHK)	General Knowledge-1	https://cetonline.karnataka.gov.in/keawebentry456/QP2026/NHK_GK_P1_11_01_26_18062026kannada.pdf
p1	2026	KRIES entrance	Entrance paper	https://cetonline.karnataka.gov.in/keawebentry456/QP2026/KRIES_2026_18062026kannada.pdf
p1	2026	KEA departmental recruitment (HK)	General Knowledge-3 (4 Jul 2026)	https://cetonline.karnataka.gov.in/keawebentry456/QP2026/COMPETITIVE_EXAM__04_05_JULY_26_P1_GK_HK_13072026kannada.pdf
p1	2026	KEA departmental recruitment (HK)	Kannada, English, Computer knowledge-1	https://cetonline.karnataka.gov.in/keawebentry456/QP2026/HK_KEC_GROUP_C_22_02_26_18062026kannada.pdf
p1	2026	KEA departmental recruitment (HK)	Kannada, English, Computer knowledge-2	https://cetonline.karnataka.gov.in/keawebentry456/QP2026/HK_KEC_P2_27_04_26_18062026kannada.pdf
p1	2026	KEA departmental recruitment (HK)	General Knowledge-2	https://cetonline.karnataka.gov.in/keawebentry456/QP2026/HK_GK_P1_09_05_26_18062026kannada.pdf
p1	2026	KEA departmental recruitment (HK)	General Knowledge-1	https://cetonline.karnataka.gov.in/keawebentry456/QP2026/HK_GK_GROUP_C_22_02_26_18062026kannada.pdf
p2	2026	PGCET	Computer Science	https://cetonline.karnataka.gov.in/keawebentry456/QP2026/PGCET2026_CS_18062026kannada.pdf
p2	2026	PGCET	MCA	https://cetonline.karnataka.gov.in/keawebentry456/QP2026/MCA_2026_18062026kannada.pdf
